input1,operator,input2,=,result
78.0,+,20.0,=,98.0
49.0,/,23.0,=,2.130434782608696
91.0,%,29.0,=,313.7931034482759
26.0,%,8.0,=,325.0
44.0,/,28.0,=,1.5714285714285714